value,label
AXL,AXL
A1CF,A1CF
ABCG1,ABCG1
ABHD11,ABHD11
AC002472.1,AC002472.1
AC006014.1,AC006014.1
AC006116.21,AC006116.21
AC006946.15,AC006946.15
AC007431.1,AC007431.1
AC008132.1,AC008132.1
AC023590.1,AC023590.1
AC040160.1,AC040160.1
AC073236.3,AC073236.3
AC074138.3,AC074138.3
AC092811.1,AC092811.1
AC099552.4,AC099552.4
AC129492.6,AC129492.6
ACMSD,ACMSD
ACN9,ACN9
ACOT6,ACOT6
ACSBG2,ACSBG2
ACSM1,ACSM1
ACSM2A,ACSM2A
ACTB,ACTB
ADAMTS10,ADAMTS10
ADAMTS12,ADAMTS12
ADD2,ADD2
ADH7,ADH7
ADM,ADM
ADRB3,ADRB3
AE000659.41.1,AE000659.41.1
AF146191.4,AF146191.4
AFF4,AFF4
AGAP5,AGAP5
AGBL4,AGBL4
AGPAT9,AGPAT9
AIM1,AIM1
AK4,AK4
AKR1D1,AKR1D1
AL136531.1,AL136531.1
AL163636.6,AL163636.6
AL591806.1,AL591806.1
AL603965.1,AL603965.1
AL645608.2,AL645608.2
AL645730.2,AL645730.2
ALDH3A2,ALDH3A2
ALDOA,ALDOA
ALG10,ALG10
ALG10B,ALG10B
ALG11,ALG11
ALOX12B,ALOX12B
ALOXE3,ALOXE3
ALYREF,ALYREF
ANG,ANG
ANKRD11,ANKRD11
ANKRD16,ANKRD16
ANKRD53,ANKRD53
ANKS1A,ANKS1A
ANKZF1,ANKZF1
ANXA2,ANXA2
ANXA8L2,ANXA8L2
AP000469.2,AP000469.2
AP001465.5.1,AP001465.5.1
AP003733.1,AP003733.1
AP2A1,AP2A1
AP3D1,AP3D1
APC,APC
APEX1,APEX1
API5,API5
APMAP,APMAP
APOH,APOH
AQP7,AQP7
ARHGAP20,ARHGAP20
ARHGEF18,ARHGEF18
ARHGEF3,ARHGEF3
ARHGEF35,ARHGEF35
ARL14EP,ARL14EP
ARL6IP4,ARL6IP4
ARPC5,ARPC5
ARRDC2,ARRDC2
ASMTL,ASMTL
ASPSCR1,ASPSCR1
ASXL2,ASXL2
ATAD2,ATAD2
ATAD3B,ATAD3B
ATG4B,ATG4B
ATP10D,ATP10D
ATP11C,ATP11C
ATP13A3,ATP13A3
ATP13A4,ATP13A4
ATP1A1,ATP1A1
ATP6V1H,ATP6V1H
AZGP1,AZGP1
B3GALT6,B3GALT6
B3GNT3,B3GNT3
B4GALT2,B4GALT2
BAG4,BAG4
BCAR4,BCAR4
BCL11B,BCL11B
BCL2,BCL2
BCL2L1,BCL2L1
BCL2L11,BCL2L11
BCL2L14,BCL2L14
BCL6,BCL6
BCL7A,BCL7A
BCLAF1,BCLAF1
BLCAP,BLCAP
BMP4,BMP4
BORA,BORA
BRDT,BRDT
BTG4,BTG4
C11orf10,C11orf10
C11orf35,C11orf35
C11orf89,C11orf89
C12orf43,C12orf43
C12orf54,C12orf54
C13orf35,C13orf35
C14orf2,C14orf2
C16orf13,C16orf13
C16orf59,C16orf59
C16orf91,C16orf91
C17orf100,C17orf100
C17orf62,C17orf62
C19orf22,C19orf22
C19orf53,C19orf53
C19orf70,C19orf70
C1orf159,C1orf159
C1orf185,C1orf185
C1orf186,C1orf186
C1orf194,C1orf194
C21orf119,C21orf119
C22orf34,C22orf34
C2CD3,C2CD3
C2orf62,C2orf62
C4BPB,C4BPB
C4orf27,C4orf27
C4orf32,C4orf32
C6orf100,C6orf100
C6orf62,C6orf62
C7,C7
C7orf33,C7orf33
C7orf50,C7orf50
C7orf55,C7orf55
C8orf37,C8orf37
C8orf44,C8orf44
C8orf44-SGK3,C8orf44-SGK3
C9orf114,C9orf114
CA4,CA4
CABLES2,CABLES2
CACNA1C,CACNA1C
CADM2,CADM2
CALCB,CALCB
CALCOCO1,CALCOCO1
CALM1,CALM1
CAMTA1,CAMTA1
CANX,CANX
CAPN13,CAPN13
CASC17,CASC17
CAST,CAST
CBWD1,CBWD1
CBWD2,CBWD2
CBX6,CBX6
CCDC107,CCDC107
CCDC124,CCDC124
CCDC129,CCDC129
CCDC144A,CCDC144A
CCDC177,CCDC177
CCDC41,CCDC41
CCDC66,CCDC66
CCDC77,CCDC77
CCDC9,CCDC9
CCDC94,CCDC94
CCDC97,CCDC97
CCK,CCK
CCL26,CCL26
CCNB1IP1,CCNB1IP1
CCP110,CCP110
CD1A,CD1A
CD2BP2,CD2BP2
CD46,CD46
CD55,CD55
CD86,CD86
CD93,CD93
CDC20,CDC20
CDC23,CDC23
CDC37,CDC37
CDC37L1,CDC37L1
CDH10,CDH10
CDH16,CDH16
CDH18,CDH18
CDH8,CDH8
CDKN1A,CDKN1A
CDKN1B,CDKN1B
CDKN2D,CDKN2D
CDO1,CDO1
CECR6,CECR6
CELF1,CELF1
CENPN,CENPN
CEP170,CEP170
CFH,CFH
CFLAR,CFLAR
CGB2,CGB2
CGB5,CGB5
CHAF1B,CHAF1B
CHCHD2,CHCHD2
CHDH,CHDH
CHFR,CHFR
CHMP3,CHMP3
CITED2,CITED2
CLDN20,CLDN20
CLIC5,CLIC5
CNDP2,CNDP2
CNOT3,CNOT3
CNR1,CNR1
CNTN1,CNTN1
CNTNAP5,CNTNAP5
COL11A1,COL11A1
COL21A1,COL21A1
COL4A2,COL4A2
COQ10B,COQ10B
COQ2,COQ2
COX7C,COX7C
CPN2,CPN2
CPNE5,CPNE5
CPSF7,CPSF7
CR1,CR1
CRBN,CRBN
CRELD2,CRELD2
CRMP1,CRMP1
CRNKL1,CRNKL1
CROCCP2,CROCCP2
CRP,CRP
CRYGD,CRYGD
CSDE1,CSDE1
CSMD1,CSMD1
CSMD3,CSMD3
CSNK1A1L,CSNK1A1L
CSTF2,CSTF2
CTB-43E15.4,CTB-43E15.4
CTBP1,CTBP1
CTD-2291D10.3,CTD-2291D10.3
CTD-2384A14.2,CTD-2384A14.2
CTD-2619J13.14,CTD-2619J13.14
CTNNA2,CTNNA2
CTNNB1,CTNNB1
CTRL,CTRL
CUL1,CUL1
CYLD,CYLD
CYP2A13,CYP2A13
CYP2S1,CYP2S1
CYP4A11,CYP4A11
CYP4F2,CYP4F2
CYP4F31P,CYP4F31P
CYS1,CYS1
CYTH2,CYTH2
DCAF15,DCAF15
DCTN4,DCTN4
DDIT3,DDIT3
DDX27,DDX27
DDX3X,DDX3X
DEFB116,DEFB116
DEPDC4,DEPDC4
DERL1,DERL1
DGKB,DGKB
DGKI,DGKI
DHRS1,DHRS1
DHX16,DHX16
DHX32,DHX32
DHX9,DHX9
DIAPH1,DIAPH1
DIO2,DIO2
DIRC1,DIRC1
DISP1,DISP1
DLG2,DLG2
DLGAP5,DLGAP5
DLX4,DLX4
DMD,DMD
DNAH12,DNAH12
DNAH9,DNAH9
DNAJA2,DNAJA2
DNAJC28,DNAJC28
DPH3,DPH3
DPM2,DPM2
DPPA4,DPPA4
DRD5,DRD5
DTL,DTL
ECE1,ECE1
ECT2,ECT2
EDDM3A,EDDM3A
EDDM3B,EDDM3B
EEF1A1,EEF1A1
EEF2K,EEF2K
EGR1,EGR1
EHF,EHF
EIF1,EIF1
EIF3G,EIF3G
EIF4A2,EIF4A2
EIF4EBP2,EIF4EBP2
EIF4G1,EIF4G1
EIF4G3,EIF4G3
ELMO1,ELMO1
ELOVL3,ELOVL3
EN1,EN1
EPB41L3,EPB41L3
EPHA5,EPHA5
EPS8L1,EPS8L1
ERGIC3,ERGIC3
ERLIN2,ERLIN2
ESR1,ESR1
ETF1,ETF1
ETS1,ETS1
ETV6,ETV6
EVI2A,EVI2A
EXOC4,EXOC4
EXOC5,EXOC5
EXOC7,EXOC7
EXOSC10,EXOSC10
EZH2,EZH2
EZR,EZR
FAHD2B,FAHD2B
FAM101B,FAM101B
FAM102A,FAM102A
FAM104A,FAM104A
FAM106A,FAM106A
FAM115A,FAM115A
FAM129C,FAM129C
FAM19A5,FAM19A5
FAM211B,FAM211B
FAM21A,FAM21A
FAM221B,FAM221B
FAM230A,FAM230A
FAM27E2,FAM27E2
FAM41C,FAM41C
FAM63A,FAM63A
FANK1,FANK1
FBXL4,FBXL4
FBXO18,FBXO18
FBXO9,FBXO9
FCER1A,FCER1A
FCGR1A,FCGR1A
FCGR3B,FCGR3B
FCHO1,FCHO1
FCRL2,FCRL2
FDXR,FDXR
FEM1A,FEM1A
FFAR2,FFAR2
FGB,FGB
FGF14-IT1,FGF14-IT1
FGF7,FGF7
FIZ1,FIZ1
FKBP9,FKBP9
FLI1,FLI1
FLJ41941,FLJ41941
FN3KRP,FN3KRP
FOXA1,FOXA1
FOXK1,FOXK1
FOXN4,FOXN4
FOXP2,FOXP2
FRG1,FRG1
FRG2B,FRG2B
FRMD4B,FRMD4B
FSD1L,FSD1L
FTH1,FTH1
FTSJ3,FTSJ3
FUBP1,FUBP1
FUBP3,FUBP3
FXYD1,FXYD1
FXYD3,FXYD3
FXYD5,FXYD5
FXYD7,FXYD7
G2E3,G2E3
GABRA2,GABRA2
GABRA5,GABRA5
GABRP,GABRP
GALNT13,GALNT13
GALNTL6,GALNTL6
GATS,GATS
GFRAL,GFRAL
GIMAP1,GIMAP1
GIMAP2,GIMAP2
GIMAP4,GIMAP4
GIMAP5,GIMAP5
GIMAP8,GIMAP8
GLIPR1L2,GLIPR1L2
GLO1,GLO1
GLTSCR2,GLTSCR2
GLYAT,GLYAT
GLYATL1,GLYATL1
GLYATL2,GLYATL2
GLYCTK,GLYCTK
GNA15,GNA15
GNB2L1,GNB2L1
GNG7,GNG7
GNPTAB,GNPTAB
GOLGA2,GOLGA2
GP5,GP5
GPD2,GPD2
GPR126,GPR126
GPR89A,GPR89A
GRAP2,GRAP2
GRIA2,GRIA2
GRID2,GRID2
GSK3A,GSK3A
GSTA1,GSTA1
GSTA2,GSTA2
GSTA3,GSTA3
GSTA4,GSTA4
GSTA5,GSTA5
GSTCD,GSTCD
GTF2I,GTF2I
GTF3C5,GTF3C5
GTPBP4,GTPBP4
GZF1,GZF1
HAMP,HAMP
HAPLN1,HAPLN1
HBB,HBB
HCN1,HCN1
HECW1,HECW1
HERC2,HERC2
HES1,HES1
HES7,HES7
HFE2,HFE2
HILPDA,HILPDA
HIP1R,HIP1R
HIST1H2AG,HIST1H2AG
HIST1H2BJ,HIST1H2BJ
HIST2H2BF,HIST2H2BF
HIST4H4,HIST4H4
HKR1,HKR1
HLA-DQA1,HLA-DQA1
HLA-DRB1,HLA-DRB1
HLA-DRB5,HLA-DRB5
HLA-F,HLA-F
HM13,HM13
HMBOX1,HMBOX1
HNRNPC,HNRNPC
HNRNPUL1,HNRNPUL1
HOOK2,HOOK2
HOXC6,HOXC6
HPCAL4,HPCAL4
HPN,HPN
HPS1,HPS1
HPSE,HPSE
HRH4,HRH4
HSBP1,HSBP1
HSD11B1L,HSD11B1L
HSP90B1,HSP90B1
HTR4,HTR4
ICAM3,ICAM3
ICK,ICK
IDH3G,IDH3G
IDI1,IDI1
IFITM2,IFITM2
IFITM3,IFITM3
IFT172,IFT172
IFT80,IFT80
IGFBP7,IGFBP7
IGSF9B,IGSF9B
IKBKAP,IKBKAP
IL36RN,IL36RN
ILF2,ILF2
IMPG2,IMPG2
INPP5D,INPP5D
INSL3,INSL3
INSR,INSR
INTS4,INTS4
IQGAP1,IQGAP1
IRF2BP2,IRF2BP2
ISOC2,ISOC2
ITFG3,ITFG3
ITGA5,ITGA5
ITIH1,ITIH1
ITPR1,ITPR1
ITPR3,ITPR3
JAK3,JAK3
JUNB,JUNB
KALRN,KALRN
KATNB1,KATNB1
KBTBD8,KBTBD8
KCNAB2,KCNAB2
KCNH5,KCNH5
KCNH7,KCNH7
KCNK1,KCNK1
KCNQ5,KCNQ5
KCTD10,KCTD10
KCTD2,KCTD2
KCTD21,KCTD21
KDM1B,KDM1B
KDM5A,KDM5A
KDM6A,KDM6A
KHDC1,KHDC1
KHDC1L,KHDC1L
KIAA0907,KIAA0907
KIAA0922,KIAA0922
KIAA1109,KIAA1109
KIAA1324L,KIAA1324L
KIAA1549,KIAA1549
KIAA1737,KIAA1737
KIF3A,KIF3A
KLC2,KLC2
KLHDC8A,KLHDC8A
KLHL11,KLHL11
KLHL17,KLHL17
KLHL33,KLHL33
KLK1,KLK1
KLRC1,KLRC1
KLRG1,KLRG1
KRT4,KRT4
L1CAM,L1CAM
LAMB3,LAMB3
LAMC1,LAMC1
LAMC2,LAMC2
LAPTM4A,LAPTM4A
LDHAL6A,LDHAL6A
LENG8,LENG8
LENG9,LENG9
LEPR,LEPR
LEPROTL1,LEPROTL1
LGI4,LGI4
LGSN,LGSN
LHX6,LHX6
LHX9,LHX9
LILRA1,LILRA1
LILRA2,LILRA2
LILRB1,LILRB1
LILRB4,LILRB4
LIMD2,LIMD2
LINC00052,LINC00052
LINC00158,LINC00158
LINC00200,LINC00200
LINC00478,LINC00478
LINC00558,LINC00558
LINC00665,LINC00665
LINC00668,LINC00668
LINC00936,LINC00936
LIPE,LIPE
LMO3,LMO3
lncRNA-ATB,lncRNA-ATB
LRRC15,LRRC15
LRRC23,LRRC23
LRRC45,LRRC45
LRRC4C,LRRC4C
LRRTM4,LRRTM4
LRTM1,LRTM1
LRWD1,LRWD1
LTV1,LTV1
LUC7L,LUC7L
LUC7L2,LUC7L2
LY6K,LY6K
LYPD8,LYPD8
LYSMD1,LYSMD1
MACROD2,MACROD2
MAGEA3,MAGEA3
MAGEF1,MAGEF1
MALAT1,MALAT1
MALSU1,MALSU1
MAP1S,MAP1S
MAP2K1,MAP2K1
MAP2K2,MAP2K2
MAP3K13,MAP3K13
MAP3K19,MAP3K19
MAPRE3,MAPRE3
MAST1,MAST1
MASTL,MASTL
MAT2A,MAT2A
MBD6,MBD6
MBOAT2,MBOAT2
MCM5,MCM5
MCRS1,MCRS1
MDH1,MDH1
MED16,MED16
MED20,MED20
MED31,MED31
MEF2C,MEF2C
MEGF8,MEGF8
MFSD10,MFSD10
MGAM,MGAM
MGRN1,MGRN1
MIAT,MIAT
MIR205,MIR205
MIR663A,MIR663A
MMACHC,MMACHC
MORN1,MORN1
MPND,MPND
MRFAP1,MRFAP1
MRFAP1L1,MRFAP1L1
MROH5,MROH5
MROH6,MROH6
MRPL20,MRPL20
MRPL36,MRPL36
MRPS14,MRPS14
MRPS31,MRPS31
MRPS33,MRPS33
MRPS9,MRPS9
MSI2,MSI2
MTG2,MTG2
MTMR4,MTMR4
MTRF1,MTRF1
MTRNR2L1,MTRNR2L1
MTRNR2L13,MTRNR2L13
MTRNR2L8,MTRNR2L8
MUC12,MUC12
MUC16,MUC16
MUC3A,MUC3A
MUC4,MUC4
MUC5B,MUC5B
MUC7,MUC7
MUSK,MUSK
MYC,MYC
MYCBP,MYCBP
MYH1,MYH1
MYH2,MYH2
MYH7,MYH7
MYL1,MYL1
MYNN,MYNN
MYO18A,MYO18A
MYO1H,MYO1H
MYO5B,MYO5B
MYOZ3,MYOZ3
MYT1L,MYT1L
NAA20,NAA20
NALCN,NALCN
NANP,NANP
NBPF10,NBPF10
NBPF8,NBPF8
NCALD,NCALD
NCF1,NCF1
NCOA7,NCOA7
NCOR1,NCOR1
NDEL1,NDEL1
NDUFB9,NDUFB9
NEAT1,NEAT1
NEB,NEB
NEK11,NEK11
NF1,NF1
NFE2L2,NFE2L2
NFKB2,NFKB2
NFKBIE,NFKBIE
NLK,NLK
NLRP11,NLRP11
NME8,NME8
NMRAL1,NMRAL1
NOC2L,NOC2L
NOMO1,NOMO1
NOTCH1,NOTCH1
NPAS2,NPAS2
NPAS3,NPAS3
NPEPPS,NPEPPS
NPHS1,NPHS1
NR1D2,NR1D2
NR5A1,NR5A1
NR5A2,NR5A2
NSUN6,NSUN6
NTRK3,NTRK3
NUAK2,NUAK2
NUCKS1,NUCKS1
NUDT10,NUDT10
NUMB,NUMB
NUP50,NUP50
NXPE1,NXPE1
NYAP2,NYAP2
ODF4,ODF4
ONECUT2,ONECUT2
OR1L1,OR1L1
OR1M1,OR1M1
OR2F2,OR2F2
OR2L2,OR2L2
OR2W3,OR2W3
OR4C5,OR4C5
OR4M1,OR4M1
OR51F2,OR51F2
OR6S1,OR6S1
OR7G3,OR7G3
OR8K5,OR8K5
OR9G1,OR9G1
OR9K2,OR9K2
OSBPL8,OSBPL8
OSGEP,OSGEP
OSMR,OSMR
OTUB1,OTUB1
OXNAD1,OXNAD1
P2RY14,P2RY14
PAAF1,PAAF1
PACS1,PACS1
PAN2,PAN2
PAPD5,PAPD5
PARP2,PARP2
PARP9,PARP9
PAX5,PAX5
PAX6,PAX6
PAXIP1,PAXIP1
PBRM1,PBRM1
PCA3,PCA3
PCDH15,PCDH15
PCDHA4,PCDHA4
PCDHGA8,PCDHGA8
PCF11,PCF11
PCGF2,PCGF2
PCK1,PCK1
PCMTD1,PCMTD1
PDCD2,PDCD2
PDE2A,PDE2A
PDE3A,PDE3A
PDE4A,PDE4A
PDE4DIP,PDE4DIP
PDHA2,PDHA2
PDIA4,PDIA4
PDK4,PDK4
PDP2,PDP2
PDPN,PDPN
PDZD2,PDZD2
PEF1,PEF1
PER1,PER1
PES1,PES1
PEX16,PEX16
PFKFB3,PFKFB3
PFN2,PFN2
PGA3,PGA3
PGA4,PGA4
PGR,PGR
PHAX,PHAX
PHF11,PHF11
PHF5A,PHF5A
PHF8,PHF8
PHYHD1,PHYHD1
PID1,PID1
PIGC,PIGC
PIGY,PIGY
PIK3R5,PIK3R5
PKNOX2,PKNOX2
PKP1,PKP1
PKP3,PKP3
PLA2G6,PLA2G6
PLAC8,PLAC8
PLAGL1,PLAGL1
PLCB2,PLCB2
PLCB4,PLCB4
PLCL1,PLCL1
PLCXD1,PLCXD1
PLEKHS1,PLEKHS1
PLG,PLG
PNP,PNP
PNPLA2,PNPLA2
POLR2D,POLR2D
POLR2J3,POLR2J3
POLR3E,POLR3E
POU2F3,POU2F3
POU5F1B,POU5F1B
PPAPDC1A,PPAPDC1A
PPFIA2,PPFIA2
PPM1E,PPM1E
PPP2R3A,PPP2R3A
PPP2R4,PPP2R4
PPP4C,PPP4C
PRAMEF4,PRAMEF4
PRDM9,PRDM9
PRDX2,PRDX2
PRELID2,PRELID2
PREPL,PREPL
PRIM2,PRIM2
PRKAG1,PRKAG1
PRKCA,PRKCA
PRKCZ,PRKCZ
PRMT5,PRMT5
PROZ,PROZ
PRRC2B,PRRC2B
PRRT3,PRRT3
PRSS1,PRSS1
PRSS3,PRSS3
PRSS38,PRSS38
PSG4,PSG4
PSG5,PSG5
PSMB3,PSMB3
PSMC3,PSMC3
PSMD2,PSMD2
PSMD8,PSMD8
PSME1,PSME1
PSMF1,PSMF1
PSMG4,PSMG4
PSPH,PSPH
PTBP1,PTBP1
PTDSS1,PTDSS1
PTEN,PTEN
PTN,PTN
PTPN1,PTPN1
PTPN4,PTPN4
QPRT,QPRT
RAB11A,RAB11A
RAB14,RAB14
RAB1B,RAB1B
RAB44,RAB44
RABEPK,RABEPK
RABL2B,RABL2B
RALY,RALY
RANBP10,RANBP10
RAP1GAP,RAP1GAP
RAPGEF1,RAPGEF1
RAPGEF4,RAPGEF4
RARA,RARA
RARG,RARG
RASGRP4,RASGRP4
RAVER1,RAVER1
RB1,RB1
RBFOX1,RBFOX1
RBL1,RBL1
RBM17,RBM17
RBM22,RBM22
RCN1,RCN1
RDH8,RDH8
REG1A,REG1A
RERG,RERG
RESP18,RESP18
RFPL3-AS1,RFPL3-AS1
RGCC,RGCC
RGPD8,RGPD8
RGS18,RGS18
RGS19,RGS19
RIC3,RIC3
RIMBP2,RIMBP2
RIN2,RIN2
RINL,RINL
RMRP,RMRP
RNA5-8SP2,RNA5-8SP2
RNA5SP469,RNA5SP469
RNASE1,RNASE1
RNASE10,RNASE10
RNASE11,RNASE11
RNASE12,RNASE12
RNASE4,RNASE4
RNASE6,RNASE6
RNASE9,RNASE9
RNASEH2A,RNASEH2A
RNF10,RNF10
RNF168,RNF168
RNF182,RNF182
RNF185,RNF185
RNF19B,RNF19B
RNF216,RNF216
RNF219,RNF219
RNF26,RNF26
RNF32,RNF32
RNF34,RNF34
RNF4,RNF4
RNF40,RNF40
RNH1,RNH1
RNU2-2P,RNU2-2P
RNU4ATAC,RNU4ATAC
RNY5,RNY5
RP11-1023P17.2,RP11-1023P17.2
RP11-1030E3.1,RP11-1030E3.1
RP11-108M9.6,RP11-108M9.6
RP11-1127D7.1,RP11-1127D7.1
RP11-13K12.2,RP11-13K12.2
RP11-146N18.1,RP11-146N18.1
RP11-159G9.5,RP11-159G9.5
RP11-160N1.10,RP11-160N1.10
RP11-181C3.1,RP11-181C3.1
RP11-189E14.4,RP11-189E14.4
RP11-211G3.2,RP11-211G3.2
RP11-214O1.2,RP11-214O1.2
RP11-231C14.4,RP11-231C14.4
RP11-243A14.2,RP11-243A14.2
RP11-262H14.1,RP11-262H14.1
RP11-28H5.2,RP11-28H5.2
RP11-297M9.2,RP11-297M9.2
RP11-308N19.1,RP11-308N19.1
RP11-332J15.1,RP11-332J15.1
RP11-34N19.1,RP11-34N19.1
RP11-354A14.1,RP11-354A14.1
RP11-374A4.1,RP11-374A4.1
RP11-423O2.5,RP11-423O2.5
RP11-42I10.1,RP11-42I10.1
RP11-449D8.1,RP11-449D8.1
RP11-455B3.1,RP11-455B3.1
RP11-481A20.11,RP11-481A20.11
RP11-482E14.1,RP11-482E14.1
RP11-527H14.1,RP11-527H14.1
RP11-572M11.1,RP11-572M11.1
RP11-626K17.3,RP11-626K17.3
RP11-67H2.1,RP11-67H2.1
RP11-683L23.1,RP11-683L23.1
RP11-6C14.1,RP11-6C14.1
RP11-707A18.1,RP11-707A18.1
RP11-707P20.1,RP11-707P20.1
RP11-727A23.5,RP11-727A23.5
RP11-758M4.1,RP11-758M4.1
RP11-82L2.1,RP11-82L2.1
RP11-863K10.7,RP11-863K10.7
RP11-930P14.2,RP11-930P14.2
RP11.1101K5.1,RP11.1101K5.1
RP13-81N3.2,RP13-81N3.2
RP4-704D21.2,RP4-704D21.2
RP4-734P14.4,RP4-734P14.4
RP4-788L20.3,RP4-788L20.3
RP5-1125A11.1,RP5-1125A11.1
RP6-99M1.2,RP6-99M1.2
RPE,RPE
RPIA,RPIA
RPL13A,RPL13A
RPL18A,RPL18A
RPL29,RPL29
RPL34,RPL34
RPL37,RPL37
RPLP0,RPLP0
RPS20,RPS20
RPS27,RPS27
RPS27A,RPS27A
RRAS2,RRAS2
RTBDN,RTBDN
RUNDC3B,RUNDC3B
RYR2,RYR2
S100A7A,S100A7A
S100A8,S100A8
S1PR5,S1PR5
SAMMSON,SAMMSON
SARS2,SARS2
SATB1,SATB1
SCNM1,SCNM1
SCYL2,SCYL2
SDF4,SDF4
SDHD,SDHD
SEC14L1,SEC14L1
SEC16A,SEC16A
SECISBP2,SECISBP2
SEMA6A,SEMA6A
SEPT4,SEPT4
SERPINB7,SERPINB7
SERPINI1,SERPINI1
SESN2,SESN2
SETDB2,SETDB2
SF1,SF1
SFPQ,SFPQ
SGCZ,SGCZ
SGK1,SGK1
SH2D5,SH2D5
SI,SI
SIK3,SIK3
SIRPD,SIRPD
SIRPG,SIRPG
SKIL,SKIL
SLAMF1,SLAMF1
SLC12A2,SLC12A2
SLC22A1,SLC22A1
SLC22A11,SLC22A11
SLC25A17,SLC25A17
SLC25A25,SLC25A25
SLC30A6,SLC30A6
SLC35G1,SLC35G1
SLC35G2,SLC35G2
SLC44A5,SLC44A5
SLC5A5,SLC5A5
SLC6A13,SLC6A13
SLC6A15,SLC6A15
SLC9A8,SLC9A8
SMARCD3,SMARCD3
SMG1,SMG1
SMUG1,SMUG1
SNRNP200,SNRNP200
SNRPB,SNRPB
SNRPD2,SNRPD2
SNRPN,SNRPN
SNURF,SNURF
SNX10,SNX10
SNX16,SNX16
SOGA2,SOGA2
SOX12,SOX12
SP2,SP2
SPANXN1,SPANXN1
SPATA2,SPATA2
SPATC1L,SPATC1L
SPIDR,SPIDR
SPN,SPN
SRCIN1,SRCIN1
SRSF5,SRSF5
SSBP1,SSBP1
ST18,ST18
STAG1,STAG1
STAG3,STAG3
STAG3L5P,STAG3L5P
STAG3L5P-PVRIG2P-PILRB,STAG3L5P-PVRIG2P-PILRB
STARD13,STARD13
STH,STH
STIM2,STIM2
STK11,STK11
STK31,STK31
STRA13,STRA13
STUB1,STUB1
SULT2B1,SULT2B1
SUPT7L,SUPT7L
SVOPL,SVOPL
SWI5,SWI5
SYF2,SYF2
SYNPR,SYNPR
TAC1,TAC1
TAF10,TAF10
TAF11,TAF11
TAF5,TAF5
TAF9,TAF9
TBC1D12,TBC1D12
TBC1D13,TBC1D13
TBC1D14,TBC1D14
TBC1D22A,TBC1D22A
TBC1D29,TBC1D29
TBC1D2B,TBC1D2B
TBC1D31,TBC1D31
TBL2,TBL2
TCF21,TCF21
TCF3,TCF3
TCF4,TCF4
TCL1A,TCL1A
TCTN3,TCTN3
TEP1,TEP1
TERT,TERT
TEX22,TEX22
TFPI2,TFPI2
TGFB1,TGFB1
TGS1,TGS1
TIAF1,TIAF1
TIGIT,TIGIT
TIMM8B,TIMM8B
TIPIN,TIPIN
TLN2,TLN2
TM4SF18,TM4SF18
TMBIM6,TMBIM6
TMC3,TMC3
TMEM101,TMEM101
TMEM109,TMEM109
TMEM128,TMEM128
TMEM131,TMEM131
TMEM150B,TMEM150B
TMEM160,TMEM160
TMEM179,TMEM179
TMEM200A,TMEM200A
TMEM208,TMEM208
TMEM210,TMEM210
TMEM214,TMEM214
TMEM55B,TMEM55B
TMEM63A,TMEM63A
TMEM64,TMEM64
TMEM66,TMEM66
TMEM91,TMEM91
TMPRSS4,TMPRSS4
TNFRSF8,TNFRSF8
TNK2,TNK2
TOB2,TOB2
TOR1B,TOR1B
TP53,TP53
TP53I13,TP53I13
TP53TG3D,TP53TG3D
TP63,TP63
TPM3,TPM3
TPRG1L,TPRG1L
TPSAB1,TPSAB1
TPSB2,TPSB2
TPTE,TPTE
TRAF3IP3,TRAF3IP3
TRAIP,TRAIP
TRAPPC2L,TRAPPC2L
TRBV5-4,TRBV5-4
TRBV7-8,TRBV7-8
TRIM28,TRIM28
TRIM7,TRIM7
TRMT10C,TRMT10C
TRPC6,TRPC6
TRPM4,TRPM4
TRPV4,TRPV4
TSHZ2,TSHZ2
TTN,TTN
TTPA,TTPA
TUBA1C,TUBA1C
TXNDC2,TXNDC2
TYMP,TYMP
TYW1B,TYW1B
U2AF1L4,U2AF1L4
UAP1,UAP1
UBAC1,UBAC1
UBAC2,UBAC2
UBALD1,UBALD1
UBE2J2,UBE2J2
UBXN7,UBXN7
UMPS,UMPS
UNC13A,UNC13A
UPF2,UPF2
URB1,URB1
USH2A,USH2A
VAMP4,VAMP4
VASH1,VASH1
VCPIP1,VCPIP1
VHL,VHL
VIPAS39,VIPAS39
VIT,VIT
VMP1,VMP1
VPS37B,VPS37B
VPS41,VPS41
VPS45,VPS45
VPS53,VPS53
VWA1,VWA1
WBP1,WBP1
WDR74,WDR74
WFS1,WFS1
WISP3,WISP3
WNT5B,WNT5B
WRAP73,WRAP73
XBP1,XBP1
XPNPEP1,XPNPEP1
XRCC4,XRCC4
XRCC5,XRCC5
XXbac-BPG308K3.6,XXbac-BPG308K3.6
YAE1D1,YAE1D1
YIPF3,YIPF3
YME1L1,YME1L1
YPEL2,YPEL2
YWHAZ,YWHAZ
ZBTB49,ZBTB49
ZC3H18,ZC3H18
ZC4H2,ZC4H2
ZCCHC2,ZCCHC2
ZDHHC14,ZDHHC14
ZDHHC16,ZDHHC16
ZFP14,ZFP14
ZFP36L1,ZFP36L1
ZFP41,ZFP41
ZMYND15,ZMYND15
ZNF143,ZNF143
ZNF165,ZNF165
ZNF180,ZNF180
ZNF200,ZNF200
ZNF208,ZNF208
ZNF217,ZNF217
ZNF227,ZNF227
ZNF236,ZNF236
ZNF28,ZNF28
ZNF285,ZNF285
ZNF324,ZNF324
ZNF488,ZNF488
ZNF558,ZNF558
ZNF566,ZNF566
ZNF595,ZNF595
ZNF608,ZNF608
ZNF611,ZNF611
ZNF677,ZNF677
ZNF705G,ZNF705G
ZNF706,ZNF706
ZNF711,ZNF711
ZNF716,ZNF716
ZNF717,ZNF717
ZNF727,ZNF727
ZNF773,ZNF773
ZNF778,ZNF778
ZNF786,ZNF786
ZNF799,ZNF799
ZNF804A,ZNF804A
ZNF812,ZNF812
ZNF814,ZNF814
ZWINT,ZWINT
